日期,收盘,momentum_20d
2020-01-02,898.77,
2020-01-03,847.33,
2020-01-06,846.76,
2020-01-07,863.3,
2020-01-08,856.91,
2020-01-09,871.47,
2020-01-10,881.27,
2020-01-13,893.04,
2020-01-14,876.17,
2020-01-15,880.9,
2020-01-16,875.77,
2020-01-17,876.27,
2020-01-20,859.77,
2020-01-21,844.07,
2020-01-22,844.28,
2020-01-23,821.57,
2020-02-03,772.69,
2020-02-04,806.78,
2020-02-05,818.76,
2020-02-06,839.77,
2020-02-07,844.77,-0.06008211222003401
2020-02-10,835.26,-0.01424474525863606
2020-02-11,866.77,0.023631253247673456
2020-02-12,866.04,0.0031738677169002028
2020-02-13,859.77,0.0033375733740999003
2020-02-14,856.77,-0.016868050535302492
2020-02-17,862.59,-0.021196682061116245
2020-02-18,852.77,-0.0450931649198244
2020-02-19,865.27,-0.012440508120570182
2020-02-20,886.77,0.006663639459643544
2020-02-21,881.65,0.006714091599392624
2020-02-24,855.95,-0.02318919967589894
2020-02-25,843.58,-0.018830617490724233
2020-02-26,842.47,-0.0018955773810229726
2020-02-27,856.16,0.0140711612261335
2020-02-28,825.77,0.005112163297101846
2020-03-02,854.78,0.1062392421281495
2020-03-03,881.77,0.09294975086144919
2020-03-04,897.69,0.09640187600762129
2020-03-05,939.77,0.11908022434714272
2020-03-06,924.27,0.09410845555595015
2020-03-09,882.78,0.056892464621794314
2020-03-10,924.77,0.06691509858439959
2020-03-11,927.29,0.07072421597154865
2020-03-12,907.27,0.05524733358921563
2020-03-13,880.8,0.02804720053223142
2020-03-16,835.77,-0.031092407748756656
2020-03-17,813.87,-0.04561605122131407
2020-03-18,776.76,-0.10229177019889746
2020-03-19,764.77,-0.13757795144174922
2020-03-20,804.05,-0.08801678670674307
2020-03-23,787.77,-0.07965418540802627
2020-03-24,824.77,-0.02229782593233609
2020-03-25,848.87,0.007596709675121938
2020-03-26,833.69,-0.026245094374883093
2020-03-27,844.27,0.022403332647105145
2020-03-30,840.77,-0.016390182269121922
2020-03-31,879.77,-0.0022681651677874948
2020-04-01,871.77,-0.02887411021622166
2020-04-02,913.77,-0.027666343892654544
2020-04-03,908.56,-0.016997197788525042
2020-04-07,928.72,0.05204014590271644
2020-04-08,928.53,0.004065875839397881
2020-04-09,927.27,-2.1568225689883036e-05
2020-04-10,933.77,0.029208504634783417
2020-04-13,931.07,0.05707311534968218
2020-04-14,953.87,0.14130681886164864
2020-04-15,958.37,0.17754678265570667
2020-04-16,965.87,0.24346001338894907
2020-04-17,994.77,0.3007440145403193
2020-04-20,996.07,0.23881599403022213
2020-04-21,968.77,0.22976249412899707
2020-04-22,1013.27,0.22854856505450005
2020-04-23,1021.03,0.2028107955281726
2020-04-24,1019.33,0.2226726960860752
2020-04-27,1044.77,0.2374832695701612
2020-04-28,1047.9,0.2463575056198486
2020-04-29,1043.67,0.18629869170351343
2020-04-30,1034.47,0.18663179508356564
2020-05-06,1068.77,0.1696269301903104
2020-05-07,1080.77,0.18954169234833151
2020-05-08,1083.38,0.16653027823240607
2020-05-11,1091.78,0.17581553638546943
2020-05-12,1101.77,0.1881868280004746
2020-05-13,1104.72,0.18307506131060114
2020-05-14,1095.36,0.17645289827832467
2020-05-15,1081.77,0.13408535754348083
2020-05-18,1114.98,0.16341287811596783
2020-05-19,1114.88,0.15427542008758954
2020-05-20,1119.77,0.12565718708847262
2020-05-21,1134.87,0.13934763621030632
2020-05-22,1096.97,0.13233275183996196
2020-05-25,1131.67,0.11684940835117996
2020-05-26,1126.77,0.1035620892628033
2020-05-27,1106.77,0.08578183708906817
2020-05-28,1112.77,0.06508609550427358
2020-05-29,1135.37,0.08347170531539239
2020-06-01,1188.27,0.13854954152174526
2020-06-02,1179.48,0.1401780621961004
2020-06-03,1168.07,0.09291054202494453
2020-06-04,1176.76,0.08881630689230824
2020-06-05,1193.77,0.10189407225534897
2020-06-08,1174.87,0.07610507611423545
2020-06-09,1185.32,0.07583252402951612
2020-06-10,1192.43,0.07939568397421981
2020-06-11,1169.23,0.06743901548349407
2020-06-12,1185.14,0.0955563567116855
2020-06-15,1151.77,0.03299610755349858
2020-06-16,1172.65,0.051817235935706085
2020-06-17,1173.77,0.04822418889593405
2020-06-18,1181.77,0.04132631931410646
2020-06-19,1208.61,0.10177124260462889
2020-06-22,1207.77,0.0672457518534555
2020-06-23,1243.27,0.1033928840845959
2020-06-24,1245.8,0.1256177887004526
2020-06-29,1248.96,0.1223882743064606
2020-06-30,1248.67,0.09979125747553685
2020-07-01,1280.06,0.07724675368392697
2020-07-02,1329.79,0.1274375148370468
2020-07-03,1327.58,0.1365585966594467
2020-07-06,1385.79,0.1776318025765662
2020-07-07,1473.79,0.234567797817
2020-07-08,1467.13,0.24875943721433025
2020-07-09,1491.79,0.2585546519083455
2020-07-10,1499.64,0.2576335717819913
2020-07-13,1567.78,0.3408653558324708
2020-07-14,1547.79,0.30599760365863937
2020-07-15,1538.32,0.3356138812436511
2020-07-16,1399.79,0.1936980343666055
2020-07-17,1433.84,0.2215681095955766
2020-07-20,1422.75,0.2039144672821276
2020-07-21,1453.79,0.20286113800150596
2020-07-22,1463.87,0.2120436838139712
2020-07-23,1461.79,0.17576230424606076
2020-07-24,1381.09,0.10859688553539892
2020-07-27,1408.34,0.1276101716628233
2020-07-28,1455.79,0.1658724883275804
2020-07-29,1457.79,0.13884505413808723
2020-07-30,1465.79,0.10227178727468256
2020-07-31,1463.97,0.10273580499856894
2020-08-03,1453.79,0.04906948383232668
2020-08-04,1455.78,-0.012220194193202527
2020-08-05,1453.79,-0.009092582116104309
2020-08-06,1423.75,-0.04560963674511831
2020-08-07,1416.79,-0.055246592515537096
2020-08-10,1419.78,-0.09440100014032582
2020-08-11,1428.3,-0.07720039540247714
2020-08-12,1412.74,-0.0816345103749545
2020-08-13,1420.79,0.015002250337550649
2020-08-14,1446.79,0.009031691123137842
2020-08-17,1475.79,0.03727991565629929
2020-08-18,1490.79,0.02545071846690372
2020-08-19,1472.79,0.006093437258773093
2020-08-20,1449.79,-0.008209113484152986
2020-08-21,1461.79,0.058432107972688385
2020-08-24,1482.14,0.05240211880653822
2020-08-25,1512.79,0.03915399885972559
2020-08-26,1512.79,0.03772834221664301
2020-08-27,1516.79,0.03479352431112237
2020-08-28,1542.79,0.053839901090869224
2020-08-31,1572.29,0.08151108481967828
2020-09-01,1587.77,0.09066617208644168
2020-09-02,1580.79,0.08735787149450736
2020-09-03,1578.79,0.10889552238805966
2020-09-04,1555.79,0.09810910579549548
2020-09-07,1509.29,0.06304497879953241
2020-09-08,1497.19,0.04823216411118114
2020-09-09,1473.79,0.043213896399903806
2020-09-10,1491.59,0.04983143180906402
2020-09-11,1518.79,0.04976534258600074
2020-09-14,1551.79,0.05149784183386519
2020-09-15,1545.79,0.03689319085853815
2020-09-16,1510.89,0.02586926853115523
2020-09-17,1456.31,0.004497203043199338
2020-09-18,1480.79,0.012997763016575625
2020-09-21,1452.59,-0.01993738783110921
2020-09-22,1451.48,-0.04052776657698687
2020-09-23,1435.77,-0.05091255230402103
2020-09-24,1415.11,-0.06703630693767759
2020-09-25,1420.9,-0.07900621601125224
2020-09-28,1446.79,-0.07981988055638589
2020-09-29,1438.09,-0.0942705807516202
2020-09-30,1454.29,-0.08002327949949073
2020-10-09,1481.79,-0.06143945679919427
2020-10-12,1536.4,-0.012463121629525786
2020-10-13,1524.79,0.010269729475448797
2020-10-14,1514.79,0.011755355031759507
2020-10-15,1510.79,0.02510534065233183
2020-10-16,1497.79,0.004156638218277164
2020-10-19,1484.79,-0.022386241679231533
2020-10-20,1519.79,-0.0206213469606068
2020-10-21,1519.12,-0.01725331383952544
2020-10-22,1528.29,0.011516391001330284
2020-10-23,1501.12,0.030769547692455657
2020-10-26,1428.79,-0.035116390575301026
2020-10-27,1410.79,-0.02877618598503362
2020-10-28,1450.6,-0.0006062777303167399
2020-10-29,1461.79,0.01812267981640514
2020-10-30,1455.81,0.028761015044766802
2020-11-02,1459.8,0.027377014568231273
2020-11-03,1480.79,0.023500300665611373
2020-11-04,1485.37,0.032876940942500044
2020-11-05,1507.69,0.03671894876537696
2020-11-06,1486.41,0.0031178507075901862
2020-11-09,1528.36,-0.005233012236396939
2020-11-10,1530.79,0.003934968093967095
2020-11-11,1517.14,0.0015513701569196403
2020-11-12,1520.58,0.00648005348195313
2020-11-13,1490.79,-0.004673552367154277
2020-11-16,1515.84,0.020912048168427733
2020-11-17,1501.59,-0.011975338698109628
2020-11-18,1479.44,-0.026120385486334108
2020-11-19,1505.98,-0.01459801477468281
2020-11-20,1505.75,0.003084363675122548
2020-11-23,1576.0,0.1030312362208583
2020-11-24,1549.29,0.09817194621453229
2020-11-25,1512.67,0.04278919067971887
2020-11-26,1520.18,0.03994417802830785
2020-11-27,1523.69,0.046626963683447764
2020-11-30,1499.7,0.02733251130291836
2020-12-01,1522.79,0.028363238541589286
2020-12-02,1523.8,0.025872341571460344
2020-12-03,1534.79,0.017974517307934645
2020-12-04,1578.9,0.06222374714917156
2020-12-07,1598.19,0.04568949723887061
2020-12-08,1635.79,0.06859203417843074
2020-12-09,1625.79,0.07161501245765045
2020-12-10,1618.69,0.06452143261124044
2020-12-11,1605.79,0.07714030815876138
2020-12-14,1614.79,0.06527733797762303
2020-12-15,1601.8,0.06673592658448713
2020-12-16,1625.79,0.09892256529497634
2020-12-17,1651.3,0.09649530538254147
2020-12-18,1630.79,0.08304167358459247
2020-12-21,1628.29,0.03317893401015226
2020-12-22,1666.79,0.07584119177171478
2020-12-23,1627.44,0.07587246392141056
2020-12-24,1616.13,0.06311752555618422
2020-12-25,1615.79,0.0604453661834099
2020-12-28,1658.79,0.10608121624324851
2020-12-29,1652.79,0.08536961760978201
2020-12-30,1718.79,0.1279629872686705
2020-12-31,1783.79,0.1622371790277497
2021-01-04,1782.79,0.12913420735955405
2021-01-05,1845.24,0.15458111989187762
2021-01-06,1885.79,0.1528313536578656
2021-01-07,1925.79,0.18452567674791953
2021-01-08,1875.79,0.1588321420407861
2021-01-11,1885.52,0.17420086063557494
2021-01-12,1946.69,0.20553756215978547
2021-01-13,1949.79,0.2172493444874517
2021-01-14,1919.79,0.180835163212961
2021-01-15,1867.79,0.13110276751650218
2021-01-18,1848.79,0.13367754278601174
2021-01-19,1795.2,0.10250631030099067
2021-01-20,1826.42,0.09577091295244156
2021-01-21,1855.79,0.14031239246915406
2021-01-22,1865.74,0.15444920891264924
2021-01-25,1960.79,0.21351784575965937
2021-01-26,1927.68,0.16210008500171824
2021-01-27,1874.79,0.13431833445265284
2021-01-28,1873.79,0.09017971945380188
2021-01-29,1901.97,0.06625219336356869
2021-02-01,1895.11,0.06300237268550979
2021-02-02,1930.79,0.04636253278706293
2021-02-03,1975.7,0.04767763112541701
2021-02-04,2106.64,0.09390951245982171
2021-02-05,2098.79,0.11888324385992033
2021-02-08,2154.59,0.14270333913191058
2021-02-09,2242.22,0.15181153650555546
2021-02-10,2386.79,0.2241267008241914
2021-02-18,2256.79,0.17554003302444543
2021-02-19,2245.79,0.20237821168332637
2021-02-22,2073.81,0.12171203868476144
2021-02-23,2092.79,0.16576983065953654
2021-02-24,1974.79,0.08123542230155167
2021-02-25,1935.79,0.043108325834280814
2021-02-26,1908.57,0.022956038890735053
2021-03-01,1943.79,-0.008669974857072882
2021-03-02,1843.79,-0.043518633798140804
2021-03-03,1925.79,0.02720304674123497
2021-03-04,1818.79,-0.029352275335016165
2021-03-05,1845.9,-0.029479960251738935
2021-03-08,1745.79,-0.07879226007988982
2021-03-09,1722.78,-0.10773310406621128
2021-03-10,1755.8,-0.11130232322721068
2021-03-11,1833.79,-0.12951904454486762
2021-03-12,1811.79,-0.13674545809728467
2021-03-15,1761.24,-0.1825637360240232
2021-03-16,1796.29,-0.19887878977085205
2021-03-17,1816.15,-0.23908261723905322
2021-03-18,1855.49,-0.17781893751744737
2021-03-19,1795.79,-0.20037492374620958
2021-03-22,1775.78,-0.1437113332465365
2021-03-23,1781.79,-0.14860545014072124
2021-03-24,1774.79,-0.10127659143503864
2021-03-25,1756.79,-0.09246870786603922
2021-03-26,1798.79,-0.05751950413136531
2021-03-29,1819.89,-0.06374145355208116
2021-03-30,1841.84,-0.0010576041740111286
2021-03-31,1794.79,-0.06802403169608318
2021-04-01,1830.29,0.006322884994969247
2021-04-02,1947.79,0.05519800639254546
2021-04-06,1911.82,0.0951030765441434
2021-04-07,1846.79,0.07198249341181118
2021-04-08,1855.79,0.056948399589930476
2021-04-09,1805.79,-0.015268923922586608
2021-04-12,1794.68,-0.009443699324976906
2021-04-13,1806.79,0.02586246053916552
2021-04-14,1832.79,0.02031965885241238
2021-04-15,1801.39,-0.0081270820141508
2021-04-16,1840.77,-0.00793321440697603
2021-04-19,1873.79,0.04343492279164041
2021-04-20,1880.59,0.0590219509173433
2021-04-21,1865.79,0.04714360278147267
2021-04-22,1841.29,0.03746922171073752
2021-04-23,1894.73,0.07851820650163077
2021-04-26,1863.61,0.03603533486399191
2021-04-27,1880.23,0.03315585007885091
2021-04-28,1827.79,-0.007628241323893503
2021-04-29,1812.15,0.009672440786944403
2021-04-30,1792.57,-0.02060875598948797
2021-05-06,1744.79,-0.10422068087422154
2021-05-07,1688.79,-0.11665847203188584
2021-05-10,1664.82,-0.09853313045879608
2021-05-11,1744.79,-0.05981280209506468
2021-05-12,1769.79,-0.01993587294203647
2021-05-13,1757.29,-0.02083379766866522
2021-05-14,1795.64,-0.006171165437045767
2021-05-17,1843.75,0.005979954059112114
2021-05-18,1845.1,0.02426459567334094
2021-05-19,1834.79,-0.0032486405145673025
2021-05-20,1844.67,-0.015540695595557596
2021-05-21,1827.89,-0.028023120403703028
2021-05-24,1857.08,-0.004668263845341691
2021-05-25,1980.29,0.07549055281894756
2021-05-26,2005.79,0.05861521166604211
2021-05-27,2030.79,0.08970761049790466
2021-05-28,2015.79,0.07209756253224331
2021-05-31,2003.79,0.09629114942088535
2021-06-01,2026.74,0.11841734955715588
2021-06-02,2007.79,0.120062256982991
2021-06-03,2008.01,0.15086056201605924
2021-06-04,2037.29,0.2063607671764991
2021-06-07,2056.79,0.23544287070073655
2021-06-08,1976.79,0.13296729119263628
2021-06-09,1985.29,0.12176585922623584
2021-06-10,2024.27,0.1519271150464636
2021-06-11,1964.6,0.09409458466062226
2021-06-15,1978.79,0.07324203389830508
2021-06-16,1943.79,0.0534876158473796
2021-06-17,1942.7,0.05881327018350868
2021-06-18,1876.73,0.017379802349471785
2021-06-21,1867.43,0.021631498613154942
2021-06-22,1860.76,0.001981605531264252
2021-06-23,1823.79,-0.07902882911088782
2021-06-24,1853.84,-0.07575568728530901
2021-06-25,1897.08,-0.06584137207687646
2021-06-28,1908.09,-0.05342818448350273
2021-06-29,1867.08,-0.06822571227523844
2021-06-30,1861.78,-0.08139179174437772
2021-07-01,1910.08,-0.0486654480797295
2021-07-02,1818.08,-0.09458618233972937
2021-07-05,1799.08,-0.11692493459448583
2021-07-06,1817.98,-0.11610811021057077
2021-07-07,1809.08,-0.08483956313012508
2021-07-08,1790.08,-0.09832820393997854
2021-07-09,1777.19,-0.12205881626462867
2021-07-12,1766.08,-0.10104855950320679
2021-07-13,1787.98,-0.09642761485554296
2021-07-14,1767.08,-0.09091002628884814
2021-07-15,1803.07,-0.07187419570700582
2021-07-16,1760.98,-0.06167642655043615
2021-07-19,1780.08,-0.04677551501261101
2021-07-20,1785.08,-0.04067155355876095
2021-07-21,1774.08,-0.027256427549224416
2021-07-22,1745.09,-0.0586620204548397
2021-07-23,1705.08,-0.1012081725599342
2021-07-26,1609.19,-0.15664879539225085
2021-07-27,1517.97,-0.1869818111703837
2021-07-28,1573.98,-0.1545832482892715
2021-07-29,1554.87,-0.18596603283632107
2021-07-30,1484.07,-0.1837157880841327
2021-08-02,1560.08,-0.13284567667919156
2021-08-03,1554.38,-0.14499609456649687
2021-08-04,1529.08,-0.15477480266212662
2021-08-05,1504.08,-0.1597693957811941
2021-08-06,1476.08,-0.16943039292366047
2021-08-09,1498.88,-0.15129552455154904
2021-08-10,1604.08,-0.10285349947986
2021-08-11,1555.58,-0.11968897842768866
2021-08-12,1495.08,-0.17081422240955701
2021-08-13,1505.12,-0.14529409760474288
2021-08-16,1504.28,-0.1549368567704822
2021-08-17,1440.08,-0.19326864902413343
2021-08-18,1425.08,-0.1967216810966811
2021-08-19,1425.05,-0.18339455271647875
2021-08-20,1353.08,-0.206441926478523
2021-08-23,1375.27,-0.14536505943984246
2021-08-24,1430.26,-0.05778111556881893
2021-08-25,1470.1,-0.06599829731000406
2021-08-26,1400.08,-0.09955173101288206
2021-08-27,1401.11,-0.055900328151637035
2021-08-30,1391.08,-0.10832777806266347
2021-08-31,1363.08,-0.12307157837851757
2021-09-01,1427.09,-0.06670023805163894
2021-09-02,1423.88,-0.05332163182809413
2021-09-03,1463.3,-0.008658067313424778
2021-09-06,1475.75,-0.015431522203245174
2021-09-07,1474.08,-0.08104333948431497
2021-09-08,1438.18,-0.07547024261047319
2021-09-09,1439.16,-0.03740268079300091
2021-09-10,1467.66,-0.02488838099287749
2021-09-13,1459.08,-0.030047597521738023
2021-09-14,1462.08,0.015276929059496736
2021-09-15,1420.82,-0.0029893058635304115
2021-09-16,1443.15,0.012701308726009719
2021-09-17,1491.08,0.10198953498684493
2021-09-22,1442.77,0.04908127131399653
2021-09-23,1440.08,0.006865884524491994
2021-09-24,1499.08,0.019712944697639623
2021-09-27,1660.08,0.18570367407576716
2021-09-28,1627.14,0.16132209462497604
2021-09-29,1625.08,0.16821462460821812
2021-09-30,1635.08,0.1995480822842386
2021-10-08,1644.68,0.15247111254370793
2021-10-11,1672.2,0.17439671882462005
2021-10-12,1676.07,0.14540422333082748
2021-10-13,1734.98,0.17565983398272067
2021-10-14,1716.08,0.16417019429067614
2021-10-15,1722.05,0.19738141261872633
2021-10-18,1605.08,0.1152894744156312
2021-10-19,1617.26,0.10193096493738318
2021-10-20,1646.08,0.128162951997149
2021-10-21,1649.08,0.12789997811337273
2021-10-22,1706.08,0.20077138553792873
2021-10-25,1678.11,0.16281051865710405
2021-10-26,1666.13,0.11739812753172219
2021-10-27,1624.08,0.12566798588825656
2021-10-28,1630.57,0.13227737347925106
2021-10-29,1631.16,0.08810737252181355
2021-11-01,1608.08,-0.03132379162450005
2021-11-02,1609.72,-0.010705901151714103
2021-11-03,1570.08,-0.03384448765599235
2021-11-04,1609.28,-0.01577904445042444
2021-11-05,1625.02,-0.011953693119634234
2021-11-08,1625.18,-0.028118646094964728
2021-11-09,1595.09,-0.04831540448787941
2021-11-10,1559.07,-0.10139021775467161
2021-11-11,1574.68,-0.0823970910447065
2021-11-12,1578.86,-0.08315089573473478
2021-11-15,1566.22,-0.02421063124579459
2021-11-16,1613.08,-0.0025846184287003915
2021-11-17,1600.08,-0.027945178849144603
2021-11-18,1597.08,-0.03153273340286711
2021-11-19,1633.49,-0.04254782894119846
2021-11-22,1659.35,-0.011179243315396437
2021-11-23,1701.51,0.02123483761771272
2021-11-24,1746.08,0.07511945224373173
2021-11-25,1761.11,0.08005789386533535
2021-11-26,1746.09,0.0704590598101964
2021-11-29,1790.08,0.11317844883339134
2021-11-30,1735.85,0.07835524190542453
2021-12-01,1738.07,0.10699454804850705
2021-12-02,1739.08,0.08065718830781465
2021-12-03,1776.96,0.09350038768753621
2021-12-06,1772.38,0.09057458250778372
2021-12-07,1760.95,0.10398159351509961
2021-12-08,1848.08,0.18537333153739088
2021-12-09,1891.63,0.20127899001701932
2021-12-10,1895.08,0.20028374903411317
2021-12-13,1923.28,0.2279756356067475
2021-12-14,1955.08,0.21201676296277938
2021-12-15,1940.08,0.21248937553122338
2021-12-16,1924.07,0.20474240488892237
2021-12-17,1855.78,0.1360828655210622
2021-12-20,1864.04,0.12335553078012484
2021-12-21,1843.28,0.08332010978483817
2021-12-22,1853.08,0.06128012462201049
2021-12-23,1925.08,0.09310605243284065
2021-12-24,1999.17,0.14494098242358655
2021-12-27,1936.9,0.08201868072935303
2021-12-28,1943.26,0.11948613071405956
2021-12-29,1846.08,0.06214364208576173
2021-12-30,1880.08,0.08107735124318616
2021-12-31,1855.08,0.043962722852512126
2022-01-04,1856.31,0.04735440481160924
2022-01-05,1829.08,0.03868934382009703
2022-01-06,1787.3,-0.03288818665858617
2022-01-07,1747.08,-0.07641557809931132
2022-01-10,1771.08,-0.06543259387466493
2022-01-11,1745.63,-0.09236824591323145
2022-01-12,1772.08,-0.09360230783395052
2022-01-13,1682.47,-0.1327831841985897
2022-01-14,1672.08,-0.13096716855415869
2022-01-17,1666.69,-0.10189246570175337
2022-01-18,1697.35,-0.08942404669427695
2022-01-19,1717.08,-0.06846491037715374
2022-01-20,1774.6,-0.04235111274202952
2022-01-21,1790.07,-0.07013215035219311
2022-01-24,1755.28,-0.12199562818569709
2022-01-25,1748.08,-0.09748567298260113
2022-01-26,1760.08,-0.09426427755421307
2022-01-27,1770.08,-0.04116831339920268
2022-01-28,1692.08,-0.09999574486192075
2022-02-07,1673.04,-0.09813053884468592
2022-02-08,1644.08,-0.11432896445098073
2022-02-09,1701.06,-0.06999147112209414
2022-02-10,1678.08,-0.06110893526548422
2022-02-11,1655.05,-0.05267646587448771
2022-02-14,1673.75,-0.054955168597691784
2022-02-15,1695.7,-0.028602853983948573
2022-02-16,1697.63,-0.042012775946909775
2022-02-17,1692.07,0.005705896687608014
2022-02-18,1712.08,0.023922300368403482
2022-02-21,1682.07,0.00922787080980858
2022-02-22,1612.95,-0.04972457065425506
2022-02-23,1632.09,-0.04949682018310153
2022-02-24,1569.19,-0.1157500281753634
2022-02-25,1604.14,-0.10386744652443747
2022-02-28,1595.48,-0.09103960621667195
2022-03-01,1663.56,-0.04835018992265805
2022-03-02,1649.96,-0.0625653379391845
2022-03-03,1605.08,-0.09321612582482153
2022-03-04,1585.58,-0.06294028651127603
2022-03-07,1512.08,-0.09620810022474058
2022-03-08,1558.28,-0.052187241496764125
2022-03-09,1584.26,-0.06866306890997376
2022-03-10,1599.51,-0.04682136727688779
2022-03-11,1574.09,-0.04891695114951211
2022-03-14,1505.08,-0.10077371172516802
2022-03-15,1408.08,-0.16961726720528403
2022-03-16,1480.03,-0.1281786961823248
2022-03-17,1525.23,-0.09860112170300284
2022-03-18,1512.87,-0.11635554413345173
2022-03-21,1509.38,-0.10266516851260643
2022-03-22,1500.08,-0.06997737065625109
2022-03-23,1557.27,-0.04584306012536066
2022-03-24,1526.01,-0.027517381579031275
2022-03-25,1495.08,-0.06798658471205765
2022-03-28,1465.88,-0.08122947326196495
2022-03-29,1472.08,-0.11510255115535362
2022-03-30,1535.18,-0.06956532279570415
2022-03-31,1524.08,-0.0504647743414659
2022-04-01,1585.09,-0.0003090351795557167
2022-04-06,1570.08,0.038357758848738266
2022-04-07,1570.08,0.007572451677490433
2022-04-08,1589.08,0.0030424299041824643
2022-04-11,1525.08,-0.04653300073147404
2022-04-12,1587.08,0.008252387093495406
2022-04-13,1574.08,0.04584473915007847
2022-04-14,1614.08,0.14629850576671788
2022-04-15,1611.07,0.088538745836233
2022-04-18,1595.9,0.04633399552854334
2022-04-19,1595.38,0.05453872441121854
2022-04-20,1602.08,0.06141594562005581
2022-04-21,1585.06,0.05665031198336101
2022-04-22,1578.08,0.013363129065608437
2022-04-25,1513.08,-0.008473076847465011
2022-04-26,1537.56,0.02841319528052022
2022-04-27,1600.0,0.09149452888367393
2022-04-28,1640.08,0.11412423237867508
2022-04-29,1633.46,0.06401855157049985
2022-05-05,1642.08,0.07742375728308226
2022-05-06,1598.08,0.008195118258269352
2022-05-09,1557.08,-0.008279832874757975
2022-05-10,1571.27,0.0007579231631509309
2022-05-11,1573.08,-0.01006871900722428
2022-05-12,1567.75,0.02797886012537054
2022-05-13,1583.32,-0.0023691307306500375
2022-05-16,1563.08,-0.00698820898556618
2022-05-17,1573.08,-0.02540146708961144
2022-05-18,1566.08,-0.027925540168955987
2022-05-19,1561.08,-0.02181840967479176
2022-05-20,1605.09,0.006086324261304288
2022-05-23,1586.08,-0.009987016878058474
2022-05-24,1565.08,-0.012605201064943894
2022-05-25,1560.59,-0.011083088309844835
2022-05-26,1547.88,0.022999444840986705
2022-05-27,1560.24,0.014750643877312175
2022-05-30,1583.49,-0.010318750000000043
2022-05-31,1609.11,-0.018883225208526477
2022-06-01,1593.33,-0.02456748252176366
2022-06-02,1591.08,-0.03105817012569423
2022-06-06,1593.08,-0.003128754505406506
2022-06-07,1622.98,0.04232280936111188
2022-06-08,1670.68,0.06326729333596393
2022-06-09,1658.08,0.0540341241386324
2022-06-10,1705.68,0.08797958858236332
2022-06-13,1661.08,0.049111992522042236
2022-06-14,1676.08,0.07229316477723469
2022-06-15,1680.18,0.06808299641467697
2022-06-16,1682.08,0.07407029015120559
2022-06-17,1756.08,0.12491352140825573
2022-06-20,1747.1,0.08847478957566235
2022-06-21,1750.82,0.10386613537778677
2022-06-22,1741.08,0.11245431543435469
2022-06-23,1762.18,0.12917550413625634
2022-06-24,1814.09,0.17198361630100512
2022-06-27,1815.63,0.16368635594523928
2022-06-28,1841.08,0.1626723250541524
2022-06-29,1835.08,0.14043166719490907
2022-06-30,1871.76,0.1747472275046602
2022-07-01,1855.81,0.16638383990748418
2022-07-04,1844.76,0.15798327767594844
2022-07-05,1859.77,0.1458982858692035
2022-07-06,1828.76,0.09462015466756046
2022-07-07,1816.76,0.09570105181897137
2022-07-08,1825.76,0.07040007504338441
2022-07-11,1790.36,0.07782888241385111
2022-07-12,1775.17,0.05912008973318694
2022-07-13,1785.65,0.06277303622230956
2022-07-14,1779.76,0.05807095976410159
2022-07-15,1776.26,0.011491503803926939
2022-07-18,1778.42,0.01792685020891782
2022-07-19,1769.86,0.010874904330542279
2022-07-20,1776.86,0.020550462931054225
2022-07-21,1765.76,0.002031574527006308
2022-07-22,1773.76,-0.02223153206290751
2022-07-25,1771.41,-0.024355182498636885
2022-07-26,1776.97,-0.034821952332326656
2022-07-27,1746.36,-0.04834666608540228
2022-07-28,1724.76,-0.07853570970637258
2022-07-29,1725.2,-0.07037897198527865
2022-08-01,1717.06,-0.06922309677139571
2022-08-02,1706.74,-0.0822843684971798
2022-08-03,1711.76,-0.06397777729171683
2022-08-04,1742.77,-0.04072634800413921
2022-08-05,1750.72,-0.041100692314433473
2022-08-08,1738.29,-0.029083536272034638
2022-08-09,1736.76,-0.0216373643087705
2022-08-10,1702.76,-0.04642007112256041
2022-08-11,1733.66,-0.025902368858722435
2022-08-12,1754.76,-0.012104083861596893
2022-08-15,1746.65,-0.017864171568021003
2022-08-16,1744.6,-0.014272315324375895
2022-08-17,1744.76,-0.01806557635379258
2022-08-18,1722.26,-0.024635284523378043
2022-08-19,1721.77,-0.0293106169944074
2022-08-22,1720.74,-0.028604332142191824
2022-08-23,1696.77,-0.04513300731019665
2022-08-24,1680.96,-0.03744932316360883
2022-08-25,1711.76,-0.007537280549177905
2022-08-26,1724.76,-0.0002550428935775839
2022-08-29,1705.58,-0.0066858467380289666
2022-08-30,1696.76,-0.005847404994316685
2022-08-31,1750.76,0.022783567789877113
2022-09-01,1707.65,-0.020151827263494293
2022-09-02,1701.76,-0.027965636995064935
2022-09-05,1661.76,-0.04402602557685997
2022-09-06,1671.76,-0.03742601165388426
2022-09-07,1644.77,-0.034056473020272926
2022-09-08,1641.76,-0.053009240566201044
2022-09-09,1671.55,-0.047419590143381485
2022-09-13,1705.76,-0.023410528726419244
2022-09-14,1695.76,-0.02799495586380829
2022-09-15,1706.76,-0.021779499759279175
2022-09-16,1685.76,-0.021193083506555355
2022-09-19,1698.4,-0.013573241489862164
2022-09-20,1704.76,-0.009286702232760291
2022-09-21,1674.76,-0.012971705063149375
2022-09-22,1647.57,-0.01986364934323248
2022-09-23,1661.19,-0.029542692900873968
2022-09-26,1689.76,-0.020292678401632736
2022-09-27,1714.76,0.005382333282519802
2022-09-28,1709.76,0.007661661048115276
2022-09-29,1707.11,-0.024932029518609067
2022-09-30,1699.26,-0.004913184786109581
2022-10-10,1612.76,-0.05229879654005265
2022-10-11,1606.75,-0.033103456576160206
2022-10-12,1586.76,-0.050844618844810285
2022-10-13,1526.75,-0.0717547134249773
2022-10-14,1564.37,-0.047138436799532224
2022-10-17,1545.26,-0.0755526307917801
2022-10-18,1532.59,-0.10152072976268645
2022-10-19,1474.76,-0.13032504599707506
2022-10-20,1470.26,-0.13856664088682646
2022-10-21,1450.76,-0.13940299924069854
2022-10-24,1328.04,-0.21806406029203962
2022-10-25,1306.51,-0.23361059621295666
2022-10-26,1290.84,-0.22923881630800835
2022-10-27,1227.76,-0.2548055621308958
2022-10-28,1186.76,-0.28559647000042143
2022-10-31,1176.76,-0.30359340971498916
2022-11-01,1288.77,-0.24842543562947583
2022-11-02,1298.72,-0.24040801048100313
2022-11-03,1266.26,-0.25824346410014587
2022-11-04,1343.33,-0.2094617657097796
2022-11-07,1333.87,-0.1729271559314468
2022-11-08,1311.64,-0.18366889684145005
2022-11-09,1286.66,-0.18912753031334284
2022-11-10,1301.76,-0.1473653184869822
2022-11-11,1354.91,-0.13389415547472772
2022-11-14,1359.76,-0.12004452325175052
2022-11-15,1414.76,-0.07688292367821792
2022-11-16,1412.01,-0.04254929615666281
2022-11-17,1393.76,-0.05203161345612339
2022-11-18,1393.89,-0.03920014337312849
2022-11-21,1346.74,0.014080901177675464
2022-11-22,1366.71,0.04607695310407123
2022-11-23,1375.76,0.06578661956555432
2022-11-24,1346.75,0.09691633544015121
2022-11-25,1348.77,0.13651454379992578
2022-11-28,1336.64,0.13586457731398083
2022-11-29,1425.76,0.10629514963880293
2022-11-30,1425.76,0.0978193914007639
2022-12-01,1457.56,0.15107481875760098
2022-12-02,1460.64,0.08732776011851162
2022-12-05,1491.66,0.11829488630826113
2022-12-06,1514.76,0.15485956512457677
2022-12-07,1510.76,0.1741718869009683
2022-12-08,1513.78,0.16287180432645032
2022-12-09,1556.76,0.1489766847982521
2022-12-12,1565.78,0.15151203153497672
2022-12-13,1576.76,0.11450705420000573
2022-12-14,1597.63,0.1314579925071353
2022-12-15,1613.75,0.15783922626564117
2022-12-16,1613.63,0.1576451513390582
2022-12-19,1599.76,0.187875907747598
2022-12-20,1541.76,0.12808130473911805
2022-12-21,1565.76,0.13810548351456653
2022-12-22,1594.76,0.18415444588824958
2022-12-23,1597.76,0.18460523291591602
2022-12-26,1568.82,0.17370421355039478
2022-12-27,1581.67,0.10935220513971511
2022-12-28,1581.67,0.10935220513971511
2022-12-29,1567.67,0.07554405993578328
2022-12-30,1575.67,0.07875314930441446
2023-01-03,1578.68,0.05833769089470797
2023-01-04,1573.68,0.03889725104967123
2023-01-05,1649.67,0.09194709947311286
2023-01-06,1652.44,0.0915985149757561
2023-01-09,1689.87,0.0855045093656055
2023-01-10,1703.12,0.08771347187982981
2023-01-11,1693.62,0.07411400593622353
2023-01-12,1682.67,0.05322884522699245
2023-01-13,1735.67,0.07555073586367156
2023-01-16,1761.57,0.09168148832136236
2023-01-17,1756.67,0.09808346251937805
2023-01-18,1741.67,0.12966350145288508
2023-01-19,1728.88,0.10417944001635004
2023-01-20,1708.68,0.07143394617371901
2023-01-30,1736.67,0.08694046665331467
2023-01-31,1694.43,0.0800665468313766
2023-02-01,1693.64,0.07079226387299498
2023-02-02,1684.78,0.06519058969317237
2023-02-03,1666.67,0.06315104581959208
2023-02-06,1643.67,0.04315624464513501
2023-02-07,1645.67,0.04243418552208178
2023-02-08,1632.67,0.0374853845762797
2023-02-09,1666.67,0.010305091321294535
2023-02-10,1658.67,0.0037701822759070858
2023-02-13,1705.02,0.008965186671164194
2023-02-14,1692.46,-0.006259100944149498
2023-02-15,1689.67,-0.0023322823301565876
2023-02-16,1710.49,0.016533247755055935
2023-02-17,1669.45,-0.03815241376528955
2023-02-20,1723.67,-0.02151489864155265
2023-02-21,1715.67,-0.023339614156329902
2023-02-22,1684.67,-0.032727210091463954
2023-02-23,1666.67,-0.03598283281662118
2023-02-24,1636.67,-0.04214364304609408
2023-02-27,1659.08,-0.0446774574329033
2023-02-28,1662.41,-0.018897210271300646
2023-03-01,1687.2,-0.0038024609716350577
2023-03-02,1676.67,-0.004813684872802315
2023-03-03,1666.71,2.399995199997562e-05
2023-03-06,1655.81,0.007385910797179429
2023-03-07,1636.97,-0.005286600594286872
2023-03-08,1619.09,-0.008317663704239142
2023-03-09,1618.69,-0.028787942424115198
2023-03-10,1598.67,-0.03617356074445188
2023-03-13,1610.67,-0.05533659429214899
2023-03-14,1614.67,-0.045962681540479555
2023-03-15,1599.59,-0.05331218521959913
2023-03-16,1600.66,-0.06420967091301322
2023-03-17,1590.67,-0.04718919404594324
2023-03-20,1578.27,-0.0843548939182095
2023-03-21,1623.67,-0.05362336579878413
2023-03-22,1622.02,-0.03718829206906993
2023-03-23,1623.53,-0.025883948232103604
2023-03-24,1627.29,-0.005731149223728749
2023-03-27,1616.46,-0.025688936036839638
2023-03-28,1630.47,-0.019213070181242964
2023-03-29,1638.67,-0.028763632053105725
2023-03-30,1648.67,-0.01669976799250894
2023-03-31,1668.67,0.0011759694247950314
2023-04-03,1650.74,-0.0030619455130721507
2023-04-04,1663.26,0.01606015992962595
2023-04-06,1645.63,0.016391923858463775
2023-04-07,1639.66,0.012954920336815556
2023-04-10,1620.37,0.013573783207290857
2023-04-11,1594.17,-0.010244184097301101
2023-04-12,1542.77,-0.04452922268946602
2023-04-13,1571.67,-0.01745447270863154
2023-04-14,1562.09,-0.024096310272012866
2023-04-17,1601.67,0.006915324988841176
2023-04-18,1606.67,0.017994386258371575
2023-04-19,1607.67,-0.009854219145515986
2023-04-20,1590.55,-0.019401733640768914
2023-04-21,1574.14,-0.030421365789360166
2023-04-24,1553.67,-0.04524086057187093
2023-04-25,1579.05,-0.023143164693218532
2023-04-26,1592.58,-0.023238698044122263
2023-04-27,1606.59,-0.019576851959210884
2023-04-28,1609.19,-0.02394657511812548
2023-05-04,1598.57,-0.042009504575500345
2023-05-05,1598.67,-0.031543429007596546
2023-05-08,1569.19,-0.05655760374204866
2023-05-09,1570.67,-0.04555094401536197
2023-05-10,1573.67,-0.04024614859178122
2023-05-11,1565.74,-0.03371452199189062
2023-05-12,1555.07,-0.024526869781767435
2023-05-15,1564.97,0.014389701640555641
2023-05-16,1551.96,-0.012540800549733722
2023-05-17,1549.67,-0.00795088631256835
2023-05-18,1539.67,-0.03870959685827913
2023-05-19,1548.17,-0.03641071284084474
2023-05-22,1594.67,-0.008086236603283004
2023-05-23,1573.22,-0.01089560215019958
2023-05-24,1559.57,-0.009255847637440251
2023-05-25,1549.67,-0.002574549292964412
2023-05-26,1539.23,-0.025217694183211403
2023-05-29,1537.67,-0.03447864471486506
2023-05-30,1516.96,-0.05578896918317677
2023-05-31,1477.57,-0.08179270316121778
2023-06-01,1484.59,-0.07130122547026407
2023-06-02,1519.27,-0.049666285099489005
2023-06-05,1513.67,-0.03538131137720735
2023-06-06,1515.66,-0.03502327032412922
2023-06-07,1499.57,-0.04708738172552074
2023-06-08,1516.67,-0.031339813762182644
2023-06-09,1514.67,-0.0259795378986154
2023-06-12,1544.67,-0.01297149466123948
2023-06-13,1547.67,-0.002764246501198442
2023-06-14,1575.55,0.016700329747623588
2023-06-15,1603.67,0.04156734884748037
2023-06-16,1646.36,0.06342326747062654
2023-06-19,1592.67,-0.0012541779803971753
2023-06-20,1592.13,0.012019933639287661
2023-06-21,1584.5,0.015985175400911933
2023-06-26,1557.67,0.00516238941193925
2023-06-27,1559.72,0.01331185073056007
2023-06-28,1577.05,0.025610176435776122
2023-06-29,1562.38,0.029941461871110686
2023-06-30,1565.58,0.05956401388766697
2023-07-03,1598.68,0.07684950053550144
2023-07-04,1605.18,0.056546894232098355
2023-07-05,1589.96,0.050400681786650914
2023-07-06,1577.56,0.040840293997334465
2023-07-07,1564.61,0.0433724334309169
2023-07-10,1575.48,0.03877573895441988
2023-07-11,1584.58,0.04615526814421611
2023-07-12,1588.38,0.02829730622074611
2023-07-13,1612.98,0.04219891837407186
2023-07-14,1627.58,0.033023388657928976
2023-07-17,1604.55,0.0005487413245865991
2023-07-18,1597.38,-0.029750479846448963
2023-07-19,1597.58,0.0030828734138270697
2023-07-20,1598.58,0.004051176725518468
2023-07-21,1645.88,0.03873777216787633
2023-07-24,1645.73,0.05653315528963132
2023-07-25,1703.13,0.0919459903059523
2023-07-26,1703.13,0.07994673599442015
2023-07-27,1712.61,0.09615458467210258
2023-07-28,1771.58,0.13158062826556294
2023-07-31,1755.16,0.09788075162008658
2023-08-01,1763.58,0.09868052181063791
2023-08-02,1754.58,0.10353719590429944
2023-08-03,1753.05,0.11124141078627758
2023-08-04,1768.05,0.1300260128722175
2023-08-07,1762.51,0.1187130271409349
2023-08-08,1764.58,0.11359476959194237
2023-08-09,1764.86,0.11110691396265371
2023-08-10,1749.58,0.08468796885268248
2023-08-11,1708.58,0.04976713894247897
2023-08-14,1677.58,0.04551431865632116
2023-08-15,1687.56,0.05645494497239212
2023-08-16,1694.58,0.06071683421174523
2023-08-17,1702.63,0.06508901650214582
2023-08-18,1677.17,0.019011106520523846
2023-08-21,1665.58,0.012061516773711256
2023-08-22,1662.58,-0.023809104413638482
2023-08-23,1648.58,-0.03202926376729909
2023-08-24,1690.88,-0.012688236084105409
2023-08-25,1699.56,-0.04065297643911081
2023-08-28,1709.55,-0.025986234873173975
2023-08-29,1725.91,-0.021359960988443838
2023-08-30,1730.58,-0.013678487159320185
2023-08-31,1721.58,-0.017951570120646854
2023-09-01,1725.63,-0.0239925341477899
2023-09-04,1740.58,-0.012442482595843463
2023-09-05,1733.28,-0.017737931972480636
2023-09-06,1735.58,-0.016590551091871242
2023-09-07,1712.58,-0.021147932646692347
2023-09-08,1693.08,-0.009071860843507529
2023-09-11,1696.75,0.011427174859023115
2023-09-12,1694.54,0.004136149233212372
2023-09-13,1694.49,-5.311050525791394e-05
2023-09-14,1693.27,-0.005497377586439867
2023-09-15,1656.57,-0.012282595085769565
2023-09-18,1703.78,0.022934953589740514
2023-09-19,1701.52,0.02342142934475344
2023-09-20,1698.58,0.030329131737616644
2023-09-21,1672.97,-0.010592117713853155
2023-09-22,1723.58,0.01413306973569628
2023-09-25,1706.96,-0.001515018572138871
2023-09-26,1690.58,-0.020470360563413004
2023-09-27,1688.58,-0.024269320112332293
2023-09-28,1673.13,-0.028142752587739017
2023-10-09,1651.58,-0.04291186407283143
2023-10-10,1644.58,-0.055154029116731174
2023-10-11,1653.08,-0.04627065448167633
2023-10-12,1660.58,-0.04321321978819759
2023-10-13,1625.58,-0.050800546543811054
2023-10-16,1604.48,-0.0523306636425922
2023-10-17,1600.58,-0.05667894504199211
2023-10-18,1602.58,-0.054268415027087014
2023-10-19,1504.58,-0.11207501962242328
2023-10-20,1519.58,-0.10257667117470937
2023-10-23,1518.56,-0.08331069619756482
2023-10-24,1517.53,-0.10931575672915517
2023-10-25,1552.08,-0.08782735436550848
2023-10-26,1546.81,-0.089351105040681
2023-10-27,1551.29,-0.0727329240811252
2023-10-30,1555.58,-0.09747154179092354
2023-10-31,1559.16,-0.08658668041430373
2023-11-01,1655.57,-0.020708869145500408
2023-11-02,1654.08,-0.02043136836868853
2023-11-03,1685.82,0.007584586971723484
2023-11-06,1686.58,0.021191828430957127
2023-11-07,1665.75,0.01287258752994691
2023-11-08,1672.92,0.012001838991458458
2023-11-09,1668.69,0.004883835768225708
2023-11-10,1650.42,0.015280699811759613
2023-11-13,1638.58,0.021252991623454287
2023-11-14,1639.85,0.024534856114658332
2023-11-15,1647.51,0.028036041882464557
2023-11-16,1634.63,0.0864360818301455
2023-11-17,1628.0,0.07134866213032565
2023-11-20,1637.08,0.07804762406490351
2023-11-21,1664.58,0.09690088499074156
2023-11-22,1656.09,0.06701329828359359
2023-11-23,1660.58,0.07355137347185492
2023-11-24,1651.58,0.06464942080462066
2023-11-27,1637.58,0.052713457359955695
2023-11-28,1643.62,0.05417019420713709
2023-11-29,1649.29,-0.003793255495086245
2023-11-30,1666.08,0.0072547881601856545
2023-12-01,1634.86,-0.030228612781910358
2023-12-04,1625.29,-0.03633981192709501
2023-12-05,1583.58,-0.049329131022062156
2023-12-06,1577.58,-0.056990172871386635
2023-12-07,1574.58,-0.05639753339445919
2023-12-08,1579.5,-0.04297088013960082
2023-12-11,1572.58,-0.04027877796628787
2023-12-12,1584.57,-0.03371040034149464
2023-12-13,1534.58,-0.06854586618594127
2023-12-14,1510.48,-0.07594990915375355
2023-12-15,1519.58,-0.06659705159705165
2023-12-18,1536.58,-0.06138979158013047
2023-12-19,1549.58,-0.06908649629335928
2023-12-20,1543.47,-0.06800355053167395
2023-12-21,1563.68,-0.058353105541437245
2023-12-22,1564.33,-0.05282820087431428
2023-12-25,1565.68,-0.04390625190830366
2023-12-26,1563.68,-0.04863654616030455
2023-12-27,1560.74,-0.05368976953719473
2023-12-28,1618.67,-0.028456016517814153
2023-12-29,1619.68,-0.009285198732613131
2024-01-02,1578.69,-0.028671806262266952
2024-01-03,1587.68,0.0025890703343058874
2024-01-04,1562.68,-0.009444845903218813
2024-01-05,1557.04,-0.011139478464098351
2024-01-08,1537.67,-0.026483064260842015
2024-01-09,1534.68,-0.024100522707906635
2024-01-10,1535.18,-0.031169339316028832
2024-01-11,1540.25,0.003694822035996914
2024-01-12,1536.74,0.017385202054975846
2024-01-15,1533.68,0.009278879690440833
2024-01-16,1533.11,-0.0022582618542477118
2024-01-17,1470.68,-0.0509170226771124
2024-01-18,1504.55,-0.025215909606276843
2024-01-19,1528.68,-0.022383096285685022
2024-01-22,1535.68,-0.01831454999904103
2024-01-23,1512.68,-0.033851106228603545
2024-01-24,1519.68,-0.028138749616289815
2024-01-25,1531.68,-0.01861937286159121
2024-01-26,1531.0,-0.054161750078768445
2024-01-29,1543.68,-0.04692284895781884
2024-01-30,1506.68,-0.04561376837757891
2024-01-31,1498.59,-0.05611332258389612
2024-02-01,1503.71,-0.03773645276064197
2024-02-02,1489.68,-0.04326157324153512
2024-02-05,1523.69,-0.009091677668160325
2024-02-06,1569.68,0.022806057288816017
2024-02-07,1604.67,0.04526505035240169
2024-02-08,1599.68,0.0385846453497809
2024-02-19,1589.11,0.03407863399143629
2024-02-20,1563.68,0.01956079495070684
2024-02-21,1611.34,0.051026997410492436
2024-02-22,1612.06,0.09613240133815637
2024-02-23,1607.77,0.06860523079990699
2024-02-26,1588.66,0.03923646544731407
2024-02-27,1583.18,0.030930923108980934
2024-02-28,1575.23,0.04135045085543543
2024-02-29,1588.68,0.04540429564118753
2024-03-01,1578.74,0.030724433301995147
2024-03-04,1569.98,0.025460483344219575
2024-03-05,1588.78,0.02921589966832494
2024-03-06,1574.23,0.04483367403828287
2024-03-07,1577.31,0.05252937761495802
2024-03-08,1565.11,0.04083234134241298
2024-03-11,1588.17,0.06611487030771701
2024-03-12,1638.68,0.07546810702964524
2024-03-13,1621.13,0.03277738137709596
2024-03-14,1610.31,0.003514741348688455
2024-03-15,1611.17,0.00718268653730747
2024-03-18,1601.94,0.008073701631731156
2024-03-19,1601.7,0.02431443773662134
2024-03-20,1603.28,-0.005002047984906888
2024-03-21,1602.68,-0.005818641986030215
2024-03-22,1595.03,-0.007924018982814696
2024-03-25,1582.69,-0.0037578840028703597
2024-03-26,1602.97,0.01250015791002923
2024-03-27,1594.68,0.01234740323635286
2024-03-28,1595.32,0.0041795704610114726
2024-03-29,1596.58,0.011300150753132288
2024-04-01,1615.01,0.028681894036866717
2024-04-02,1607.67,0.011889626002341558
2024-04-03,1608.79,0.0219535900090837
2024-04-08,1560.34,-0.010758823566705322
2024-04-09,1555.9,-0.005884570413581036
2024-04-10,1541.66,-0.029285278024392847
2024-04-11,1541.68,-0.05919398540288523
2024-04-12,1527.71,-0.057626470424950504
2024-04-15,1566.66,-0.02710658196247917
2024-04-16,1563.68,-0.029475474344730856
2024-04-17,1560.68,-0.02575627052199203
2024-04-18,1564.46,-0.02325029655990507
2024-04-19,1540.32,-0.03926949753006337
2024-04-22,1568.74,-0.02117702847730052
2024-04-23,1585.96,-0.005686413421691072
2024-04-24,1587.28,0.002900125735298742
2024-04-25,1586.72,-0.010137432391123968
2024-04-26,1603.11,0.0052863270373992854
2024-04-29,1597.68,0.00147932703156739
2024-04-30,1598.68,0.0013153114782848974
2024-05-06,1653.88,0.02406796242747733
2024-05-07,1663.68,0.03483923939614475
2024-05-08,1657.65,0.030370651234779
2024-05-09,1649.68,0.05725675173359668
2024-05-10,1632.66,0.049334790153608754
2024-05-13,1599.68,0.03763475733949129
2024-05-14,1595.66,0.035013751232421786
2024-05-15,1593.68,0.04318227935930241
2024-05-16,1598.18,0.02011923454993414
2024-05-17,1608.68,0.028778266653023632
2024-05-20,1602.68,0.026911346336212505
2024-05-21,1598.68,0.021873362054638745
2024-05-22,1591.39,0.0331554482185521
2024-05-23,1585.69,0.010804849752030332
2024-05-24,1570.76,-0.009584100481727198
2024-05-27,1563.8,-0.014792601179376086
2024-05-28,1558.32,-0.017898558031662848
2024-05-29,1567.68,-0.02210079158635392
2024-05-30,1542.68,-0.03442491612838616
2024-05-31,1542.13,-0.035372932669452295
2024-06-03,1533.07,-0.07304641207342744
2024-06-04,1546.88,-0.07020580880938643
2024-06-05,1537.68,-0.0723735408560311
2024-06-06,1533.49,-0.0704318413268028
2024-06-07,1512.86,-0.07337718814695049
2024-06-11,1462.68,-0.08564212842568508
2024-06-12,1465.36,-0.08165900003760207
2024-06-13,1448.69,-0.09097811354851659
2024-06-14,1448.68,-0.09354390619329489
2024-06-17,1435.18,-0.10785240072606106
2024-06-18,1415.18,-0.1169915391718871
2024-06-19,1425.56,-0.10828933870443125
2024-06-20,1424.66,-0.104770043798189
2024-06-21,1395.56,-0.11990363816382776
2024-06-24,1401.11,-0.10800504214520368
2024-06-25,1411.21,-0.09757641642153725
2024-06-26,1413.78,-0.09275373479131366
2024-06-27,1415.05,-0.097360430700143
2024-06-28,1391.95,-0.09770658853423908
2024-07-01,1364.94,-0.11489952208957743
2024-07-02,1415.26,-0.07684580612757408
2024-07-03,1424.56,-0.0790752999586265
2024-07-04,1410.3,-0.082839082253785
2024-07-05,1377.56,-0.10168308890178612
2024-07-08,1344.56,-0.11124624882672551
2024-07-09,1362.59,-0.0684291847840951
2024-07-10,1362.15,-0.07043320412731335
2024-07-11,1386.65,-0.04282489697588854
2024-07-12,1403.38,-0.03126984565259405
2024-07-15,1399.46,-0.02488886411460589
2024-07-16,1400.56,-0.01033084130640638
2024-07-17,1425.96,0.00028059148685444235
2024-07-18,1422.07,-0.0018179776227311706
2024-07-19,1450.18,0.039138410387228095
2024-07-22,1423.56,0.016023010327526066
2024-07-23,1379.56,-0.022427562162966597
2024-07-24,1364.58,-0.03480032253957477
2024-07-25,1355.05,-0.04240132857496204
2024-07-26,1346.75,-0.032472430762599314
2024-07-29,1322.58,-0.031034331179392582
2024-07-30,1304.55,-0.07822590902025073
2024-07-31,1345.84,-0.05525916774302242
2024-08-01,1310.72,-0.0706090902644827
2024-08-02,1310.01,-0.049035976654374425
2024-08-05,1334.57,-0.007429939905991612
2024-08-06,1329.26,-0.02446076956384524
2024-08-07,1340.06,-0.016217009874096244
2024-08-08,1355.25,-0.02264450293873732
2024-08-09,1361.36,-0.029941997178241198
2024-08-12,1360.66,-0.02772497963500209
2024-08-13,1347.57,-0.03783486605357855
2024-08-14,1337.86,-0.06178293921288125
2024-08-15,1351.45,-0.049660002672160974
2024-08-16,1355.76,-0.0651091588630377
2024-08-19,1350.0,-0.05167326983056564
2024-08-20,1347.28,-0.023398764823566953
2024-08-21,1342.14,-0.016444620322736525
2024-08-22,1334.61,-0.015084314231947227
2024-08-23,1339.55,-0.005346203824020845
2024-08-26,1336.56,0.01057024905865811
2024-08-27,1328.63,0.018458472270131532
2024-08-28,1313.56,-0.02398502050763829
2024-08-29,1337.86,0.0207061767578125
2024-08-30,1367.75,0.04407599941985185
2024-09-02,1319.56,-0.011247068344110822
2024-09-03,1334.56,0.003987180837458304
2024-09-04,1324.56,-0.011566646269570047
2024-09-05,1329.44,-0.019044456742298377
2024-09-06,1322.56,-0.02850091085385198
2024-09-09,1299.56,-0.04490467861185021
2024-09-10,1302.56,-0.03340086229286787
2024-09-11,1304.56,-0.02489049676348798
2024-09-12,1259.62,-0.0679492397055016
2024-09-13,1228.69,-0.09372602820558207
2024-09-18,1191.46,-0.117437037037037
2024-09-19,1185.56,-0.1200344397601093
2024-09-20,1188.48,-0.11448880146631502
2024-09-23,1186.1,-0.11127595327473949
2024-09-24,1297.16,-0.03164495539546852
2024-09-25,1323.56,-0.009726461962051847
2024-09-26,1453.56,0.09402918796053061
2024-09-27,1553.76,0.18286184110356585
2024-09-30,1672.56,0.2501756536558384
2024-10-08,1647.56,0.20457685980625118
2024-10-09,1519.71,0.15167934766134183
2024-10-10,1564.56,0.17234144586979983
2024-10-11,1529.55,0.15476082623663712
2024-10-14,1526.55,0.14826543507040557
2024-10-15,1478.81,0.11814208807161863
2024-10-16,1447.06,0.11349995383052724
2024-10-17,1419.16,0.08951602997174812
2024-10-18,1465.56,0.12341325811001402
2024-10-21,1453.36,0.15380829138946672
2024-10-22,1467.56,0.19441030691223982
2024-10-23,1492.06,0.25229550299632386
2024-10-24,1476.76,0.24562232194068634
2024-10-25,1483.41,0.24815731017770593
2024-10-28,1489.56,0.2558468931793272
2024-10-29,1456.18,0.12259089086928365
2024-10-30,1456.56,0.10048656653268462
2024-10-31,1452.35,-0.0008324389774072571
2024-11-01,1458.31,-0.061431623931623935
2024-11-04,1472.76,-0.11945759793370636
2024-11-05,1501.55,-0.08862196217436691
2024-11-06,1495.56,-0.01589118976646864
2024-11-07,1573.7,0.00584189804162194
2024-11-08,1534.53,0.0032558595665392875
2024-11-11,1522.57,-0.0026071861386787187
2024-11-12,1501.76,0.015519235060623027
2024-11-13,1503.06,0.03869915552914183
2024-11-14,1498.36,0.05580766086981015
2024-11-15,1483.56,0.012281994595922274
2024-11-18,1483.56,0.020779435239720367
2024-11-19,1466.48,-0.0007359153969854759
2024-11-20,1469.37,-0.01520716325080762
2024-11-21,1469.69,-0.004787507787318179
2024-11-22,1432.38,-0.034400469189232896
2024-11-25,1423.13,-0.04459706221971582
2024-11-26,1433.56,-0.015533793899105919
2024-11-27,1443.61,-0.008890811226451412
2024-11-28,1442.56,-0.0067407993940854505
2024-11-29,1450.3,-0.005492659311120418
2024-12-02,1449.56,-0.01575273635894514
2024-12-03,1451.3,-0.0334654190669641
2024-12-04,1444.56,-0.03410093877878517
2024-12-05,1435.56,-0.08778039016330941
2024-12-06,1445.57,-0.0579721478237637
2024-12-09,1443.36,-0.05202388067543695
2024-12-10,1471.15,-0.02038275090560404
2024-12-11,1460.16,-0.028541774779449858
2024-12-12,1490.36,-0.005339170826770601
2024-12-13,1443.56,-0.026962172072582113
2024-12-16,1451.76,-0.021434926797702758
2024-12-17,1482.56,0.010965031913152457
2024-12-18,1496.06,0.018164247262432154
2024-12-19,1475.57,0.004000843715341151
2024-12-20,1470.44,0.02657116128401671
2024-12-23,1474.89,0.03637053536922141
2024-12-24,1487.26,0.03745919249979068
2024-12-25,1478.44,0.02412701491400049
2024-12-26,1476.23,0.02334045031055898
2024-12-27,1477.41,0.018692684272219706
2024-12-30,1473.44,0.016473964513369577
2024-12-31,1472.44,0.014566250947426473
